neff_bin,n_pairs,n_disagree,n_active,disagree_rate,active_disagree_rate
5-25,450,0,0,0.0,
25-100,795,0,0,0.0,
100-300,2675,30,400,0.011214953271028037,0.075
300+,430,2,51,0.004651162790697674,0.0392156862745098
