neff_bin,n_pairs,n_disagree,n_active,disagree_rate,active_disagree_rate,n_datasets,cd_n_active,cd_n_disagree_lb,cd_agree_lb_pct
1-5,,,,,,4,11,0,100.0
100-300,2675.0,30.0,400.0,0.011214953271028,0.075,0,0,0,
25-100,795.0,0.0,0.0,0.0,,2,7,1,85.71428571428572
300+,430.0,2.0,51.0,0.0046511627906976,0.0392156862745098,2,67,0,100.0
5-25,450.0,0.0,0.0,0.0,,1,17,0,100.0
