dataset,domain,total_pairs,total_active,total_disagree,overall_agree_pct,active_disagree_pct,mean_neff,median_neff
adult,tabular,750,0,0,100.0,,78.5818525523314,69.8621361843959
bace,molecular,750,0,0,100.0,,107.81777556635892,102.74537922011778
bbbp,molecular,750,276,32,95.73333333333333,11.594202898550725,258.96819409431157,270.599895991268
compas,tabular,750,0,0,100.0,,180.01468894495244,189.8700677006247
imdb,text,750,175,0,100.0,0.0,181.8389980263275,212.98113526082045
yelp,text,600,0,0,100.0,,173.84398334054487,137.4567596297056
