domain,method,cert_rate,mean_n_eff,mean_mu_hat,mean_lb,n_datasets,n_decisions
molecular,kliep,0.6486486486486486,1.59934802222607,0.8145052947573718,0.22858973299632,4,1850
molecular,ravel,0.49450549450549447,2.8834339366877164,0.8449801126096755,0.28443263839703214,3,1820
molecular,ulsif,0.6486486486486486,1.6353468190678604,0.8116897843765373,0.23049073943661014,4,1850
tabular,kliep,4.1441441441441444,27.552915812467248,0.7882759289994068,0.2404930005955624,4,555
tabular,ravel,2.5225225225225225,35.83811958095578,0.7809477616318606,0.28930171266209004,4,555
tabular,ulsif,3.963963963963964,26.77933916837711,0.7833406261471606,0.23230984122371562,4,555
text,kliep,61.0,481.5955188946035,0.7192264827601491,0.6816822052788156,2,100
text,ravel,60.0,481.45208210139515,0.7193286857166413,0.6817869942753703,2,100
text,ulsif,61.0,481.61604717656536,0.7192637176240432,0.6817265679293963,2,100
