true_fwer,n_trials,mean_ci_upper,median_ci_upper,p75_ci_upper,p90_ci_upper,pct_below_0.06,pct_below_0.07
0.05,50,0.14616888729677294,0.1346009068750702,0.16217091688838173,0.21360231437479654,0.0,0.0
0.05,100,0.11059724357556985,0.11175046923191913,0.1247681544589592,0.14998107700948735,0.0372,0.0372
0.05,200,0.08906337348200645,0.08957814813877599,0.1019316929576627,0.11405480885610647,0.0638,0.1223
0.05,500,0.07259061429209397,0.0727681611715476,0.0797447936467069,0.08665971310163822,0.1264,0.3919
0.05,1000,0.0653280865520716,0.06531382024425081,0.07090838767737563,0.07536090277145915,0.2594,0.7463
0.05,2000,0.060386770806829825,0.0604441089343959,0.06370338306364304,0.06749497932067872,0.4914,0.9622
0.05,3000,0.05830964279996132,0.0580331581664981,0.06124702924272729,0.06374172638085879,0.6586,0.9956
0.05,5000,0.05631961411918809,0.05618276096713672,0.058505336419112416,0.06040335023187689,0.8742,1.0
