feature,corr_all,corr_bbbp
lb_gap,0.30523280488616666,0.22050423033121658
neff_ratio,0.07623943782149424,0.027109863353172028
mu_gap,0.3105603500712997,0.23025715496272584
ulsif_neff,-0.061612503320641124,-0.04307899554216154
kliep_neff,-0.06924138473387557,-0.04569701034307559
