dataset,n_cohort_bins,n_pairs,n_certified,cert_pct,median_neff,max_mu
adult,10,2100,43,2.047619047619048,715.5526348237863,0.5137371244662496
adult,15,3150,68,2.158730158730159,253.18657809753117,1.0
adult,20,4200,66,1.5714285714285716,209.10723102917726,1.0
compas,10,2100,78,3.7142857142857144,190.52589717151187,0.6843627045073599
compas,15,3150,92,2.920634920634921,108.07886857405171,1.0
compas,20,3703,77,2.0793950850661624,82.79026842015504,0.6947560700503647
