dataset,domain,n_source,n_test,n_cal_used,n_trials,fwer_violations,observed_fwer,mean_cert_rate,mean_n_eff,mean_coverage,total_certified,total_false_certify,runtime_sec
bace,molecular,1212,301,1212,50,0,0.0,0.0,109.92040064043677,,0,0,7.849889039993286
bbbp,molecular,1581,394,1581,50,0,0.0,0.37919999999999987,260.983900999473,0.9945454545454545,474,0,7.122425556182861
adult,tabular,39073,9769,2000,50,0,0.0,0.0,16.49101679218566,,0,0,8.261597156524658
compas,tabular,4937,1235,2000,50,0,0.0,0.0,28.776600387526898,,0,0,1003.9084544181824
imdb,text,40000,10000,2000,50,0,0.0,0.24,91.18366939620635,1.0,600,0,174.16535687446594
yelp,text,47992,12008,2000,50,0,0.0,0.0,69.94530314514287,,0,0,196.68878531455994
