dataset,method,n_samples_total,n_calibration,n_test,n_features,n_cohorts,n_decisions,n_certify,n_abstain,n_no_guarantee,weight_elapsed_sec,bound_elapsed_sec,total_elapsed_sec,alpha,use_oracle,diag_method,diag_sigma,diag_n_basis,diag_alpha_min,diag_alpha_max,diag_alpha_std
test_dataset,ulsif,1000,200,200,10,5,25,9,16,0,0.001997709274291992,0.0029921531677246094,0.01911759376525879,0.05,True,ulsif,4.474403483907304,100,0.0,0.4439293750123931,0.10436611013477255
bbbp,ulsif,1975,395,394,217,127,762,11,751,0,0.026976823806762695,0.007996082305908203,0.05521440505981445,0.05,True,ulsif,15.764903403897181,100,0.0,0.3078149469545975,0.08497622819234235
