config,count,mean_lb_minus_tau,mean_true_ppv_minus_tau,mean_slack,median_slack,mean_n_eff,false_cert_rate
easy_low_shift,248,0.1964267220730719,0.32338320266684634,-0.12695648059377443,-0.12898643094568613,77.85483870967742,0.0
large_cal,2165,0.1784671709843186,0.26302409335642357,-0.08455692237210495,-0.078555890335127,234.4729792147806,0.005542725173210162
large_cal_easy,1977,0.19262981028035847,0.2939843414510223,-0.10135453117066387,-0.10404803491754355,132.40667678300454,0.0010116337885685382
moderate_many_cohorts,11,0.2737172932021585,0.3295389562349314,-0.055821663032772875,-0.07011859991658387,45.63636363636363,0.0
moderate_shift,248,0.1964267220730719,0.3235961432545031,-0.1271694211814312,-0.1332622937775722,77.85483870967742,0.0
severe_shift,248,0.1964267220730719,0.3225326122521774,-0.1261058901791055,-0.12686417129209515,77.85483870967742,0.0
