neff_bin,count,mean_lb_minus_tau,std_lb_minus_tau,mean_true_ppv_minus_tau,std_true_ppv_minus_tau,mean_slack,std_slack,median_slack,mean_n_eff,mean_mu_hat,mean_lb,mean_true_ppv,false_cert_rate
25-100,957,0.1926861912282856,0.04637044377157896,0.3254424651169898,0.06569368322419357,-0.13275627388870426,0.06729898257308373,-0.13419356124724713,79.93416927899686,0.9126689305397052,0.716301656223061,0.8490579301117651,0.0
100-300,3591,0.18345077240133667,0.06901391064266497,0.28037353298570933,0.08615065259621246,-0.09692276058437264,0.06940214111652492,-0.09679699693090382,177.5388471177945,0.8716991443498245,0.7482238161217487,0.8451465767061214,0.001392369813422445
300+,349,0.20971496519839106,0.10275455256605455,0.21904957949084727,0.11255414236183126,-0.009334614292456226,0.04649009618871361,-0.008313823570935353,326.0429799426934,0.9093897648220489,0.8398009250837779,0.8491355393762341,0.025787965616045846
