method,dataset,tau,n_cohorts,n_certify,n_abstain,n_no_guarantee,mean_mu_hat,mean_lower_bound,mean_n_eff,elapsed_sec,cert_rate
ulsif,bace,0.5,127,1,126,0,1.0,0.11348178863515057,10.094510962206286,0.042264461517333984,0.007874015748031496
ulsif,bace,0.6,127,1,126,0,1.0,0.11348178863515057,10.094510962206286,0.042264461517333984,0.007874015748031496
ulsif,bace,0.7,127,0,127,0,1.0,0.11348178863515057,10.094510962206286,0.042264461517333984,0.0
ulsif,bace,0.8,127,0,127,0,1.0,0.11348178863515057,10.094510962206286,0.042264461517333984,0.0
ulsif,bace,0.85,127,0,127,0,1.0,0.11348178863515057,10.094510962206286,0.042264461517333984,0.0
ulsif,bace,0.9,127,0,127,0,1.0,0.11348178863515057,10.094510962206286,0.042264461517333984,0.0
