method,dataset,tau,n_cohorts,n_certify,n_abstain,n_no_guarantee,mean_mu_hat,mean_lower_bound,mean_n_eff,elapsed_sec,cert_rate
ulsif,bank,0.5,10,9,1,0,1.0,0.8254233143294648,83.08891813996705,0.6409468650817871,0.9
ulsif,bank,0.6,10,9,1,0,1.0,0.8254233143294648,83.08891813996705,0.6409468650817871,0.9
ulsif,bank,0.7,10,9,1,0,1.0,0.8254233143294648,83.08891813996705,0.6409468650817871,0.9
ulsif,bank,0.8,10,8,2,0,1.0,0.8254233143294648,83.08891813996705,0.6409468650817871,0.8
ulsif,bank,0.85,10,6,4,0,1.0,0.8254233143294648,83.08891813996705,0.6409468650817871,0.6
ulsif,bank,0.9,10,5,5,0,1.0,0.8254233143294648,83.08891813996705,0.6409468650817871,0.5
