domain,n_datasets,r2_neff,r2_shift,r2_neff_shift,neff_coef,note
molecular,3,0.6691495201497942,0.2980506918912291,1.0,0.010721634985247872,
tabular,4,0.0025913716186493074,0.09035359651684238,0.09037617724429725,0.0014308844261292206,
text,2,,,,,"only 2 obs, cannot fit"
