dataset,domain,eb_wider_pct,mean_width_ratio,median_width_ratio,mean_eb_width,mean_boot_width,n_comparisons
adult,tabular,61.84834123222749,37914693.48497292,1.5942342511324212,0.14224498516375603,0.07534022793920042,2110
bace,molecular,100.0,2.753267153710541,2.733922453589046,0.21447333311718958,0.07762020116899845,250
bbbp,molecular,100.0,2.5329971558042472,2.5485651918933474,0.10543075512307053,0.04160512102954911,250
compas,tabular,85.9395532194481,19710909.008701075,2.5161048821674297,0.27253286764960577,0.11852554534405937,1522
imdb,text,60.0,41351557.8421341,1.9726223930775122,0.008821924871263912,0.0023865934748928284,500
yelp,text,100.0,1.9235792309676745,1.9236507403291165,0.03791459400276806,0.01974317335894025,500
