sigma,fwer_rate,mean_cert_rate,mean_coverage,mean_ess_frac,mean_neff,n_trials
0.1,0.05,0.4282,0.8655785162549868,0.9900472860306226,201.65665803559585,200
0.2,0.045,0.41840000000000005,0.8635682209946915,0.960770781157696,195.73094669097358,200
0.3,0.03,0.408,0.8674985823000528,0.9138860613920123,186.25202538990976,200
0.4,0.03,0.3926,0.8789134060384061,0.8520861667116131,173.78764408773452,200
0.5,0.03,0.3698,0.8852637501387501,0.7787925844927197,159.07360228954258,200
0.6,0.03,0.34259999999999996,0.8974571400821401,0.6978593586066174,142.95804951889357,200
0.7,0.02,0.3038,0.9183330209712119,0.6132657053840916,126.32799791634325,200
0.8,0.015,0.262,0.931342680212027,0.5288216933830137,110.01560660197484,200
