dataset,n_pairs,n_active,n_disagree,disagree_pct,mean_neff
adult,750.0,0.0,0.0,0.0,78.8862542718696
bace,750.0,0.0,0.0,0.0,108.99908814359925
bbbp,750.0,276.0,32.0,11.594202898550725,260.16487484489477
compas,750.0,0.0,0.0,0.0,180.27576293329824
imdb,750.0,175.0,0.0,0.0,181.843226775561
yelp,600.0,0.0,0.0,0.0,173.8573116993948
