method,dataset,tau,n_cohorts,n_certify,n_abstain,n_no_guarantee,mean_mu_hat,mean_lower_bound,mean_n_eff,elapsed_sec,cert_rate
ulsif,adult,0.5,49,12,37,0,1.0,0.4922444471196987,95.16045651838867,0.4539041519165039,0.24489795918367346
ulsif,adult,0.6,49,9,40,0,1.0,0.4922444471196987,95.16045651838867,0.4539041519165039,0.1836734693877551
ulsif,adult,0.7,49,9,40,0,1.0,0.4922444471196987,95.16045651838867,0.4539041519165039,0.1836734693877551
ulsif,adult,0.8,49,7,42,0,1.0,0.4922444471196987,95.16045651838867,0.4539041519165039,0.14285714285714285
ulsif,adult,0.85,49,7,42,0,1.0,0.4922444471196987,95.16045651838867,0.4539041519165039,0.14285714285714285
ulsif,adult,0.9,49,5,44,0,1.0,0.4922444471196987,95.16045651838867,0.4539041519165039,0.10204081632653061
