method,dataset,tau,n_cohorts,n_certify,n_abstain,n_no_guarantee,mean_mu_hat,mean_lower_bound,mean_n_eff,elapsed_sec,cert_rate
ulsif,sider,0.5,135,1,134,0,1.0,0.4123342153857745,27.52734166299113,0.030473947525024414,0.007407407407407408
ulsif,sider,0.6,135,1,134,0,1.0,0.4123342153857745,27.52734166299113,0.030473947525024414,0.007407407407407408
ulsif,sider,0.7,135,1,134,0,1.0,0.4123342153857745,27.52734166299113,0.030473947525024414,0.007407407407407408
ulsif,sider,0.8,135,1,134,0,1.0,0.4123342153857745,27.52734166299113,0.030473947525024414,0.007407407407407408
ulsif,sider,0.85,135,0,135,0,1.0,0.4123342153857745,27.52734166299113,0.030473947525024414,0.0
ulsif,sider,0.9,135,0,135,0,1.0,0.4123342153857745,27.52734166299113,0.030473947525024414,0.0
