dataset,domain,n_trials,total_pairs,agreement_rate,n_active,agree_on_active,cohens_kappa,ulsif_certifications,kliep_certifications,both_certify,mu_correlation,mean_lb_diff,max_lb_diff,runtime_sec
bace,molecular,30,750,1.0,0,,1.0,0,0,0,0.9836162250878341,0.011611869294955586,0.041929677020846046,9.301754474639893
bbbp,molecular,30,750,0.9186666666666666,293,0.7918088737201365,0.8225354735102677,293,232,232,0.9514384020133365,0.027133557676057688,0.09952160852981906,9.019137859344482
adult,tabular,30,750,1.0,0,,1.0,0,0,0,0.9980864614421571,0.003350972507646786,0.0224573817208005,14.779644012451172
compas,tabular,30,750,1.0,0,,1.0,0,0,0,0.9967758604194937,0.013048610629320327,0.027964612745634276,1362.9167108535767
imdb,text,30,600,1.0,60,1.0,1.0,60,60,60,0.9999986582039384,0.0003225730344684631,0.001485446513606048,369.8592426776886
yelp,text,30,750,1.0,0,,1.0,0,0,0,0.9999374519006425,0.00045789786072617905,0.002038306233148046,391.6807301044464
