variant,n_false,n_trials,fwer,wilson_lo,wilson_hi,criterion_met
naive_clipped_99,650,10000,0.065,0.06033326197917361,0.07000081660331503,False
naive_ess_gated,647,10000,0.0647,0.060043754915036135,0.0696905540664749,False
naive_ungated,647,10000,0.0647,0.060043754915036135,0.0696905540664749,False
neff_ess_gated,524,10000,0.0524,0.04820190179081859,0.05694185355061109,True
neff_ungated,524,10000,0.0524,0.04820190179081859,0.05694185355061109,True
