method,dataset,tau,n_cohorts,n_certify,n_abstain,n_no_guarantee,mean_mu_hat,mean_lower_bound,mean_n_eff,elapsed_sec,cert_rate
ulsif,test_dataset,0.5,5,5,0,0,1.0,0.6320757367511829,24.859027773196896,0.0518641471862793,1.0
ulsif,test_dataset,0.6,5,3,2,0,1.0,0.6320757367511829,24.859027773196896,0.0518641471862793,0.6
ulsif,test_dataset,0.7,5,1,4,0,1.0,0.6320757367511829,24.859027773196896,0.0518641471862793,0.2
ulsif,test_dataset,0.8,5,0,5,0,1.0,0.6320757367511829,24.859027773196896,0.0518641471862793,0.0
ulsif,test_dataset,0.9,5,0,5,0,1.0,0.6320757367511829,24.859027773196896,0.0518641471862793,0.0
