domain,n_datasets,r2_neff,r2_shift,r2_neff_shift,neff_coef,note
molecular,7,0.524775054993573,0.5957100182910191,0.6008329809816284,0.05763894054990243,
tabular,11,0.38578509273539385,0.13577689821422612,0.3863614133462976,0.08720823613910278,
text,9,0.4381688463332367,0.06358885172220718,0.466032628335993,0.10745156575927163,
