n_cal,n_cohorts,shift_severity,positive_rate,mean_cert_rate,std_cert_rate,max_cert_rate,min_cert_rate,fwer_violations,n_trials,mean_n_eff,total_certified,total_tests,observed_fwer
2000,5,1.0,0.5,0.40800000000000003,0.061967733539318656,0.48,0.28,0,10,188.74,102,250,0.0
2000,5,0.5,0.5,0.364,0.06380525927469545,0.48,0.28,0,10,184.85999999999999,91,250,0.0
2000,10,1.0,0.5,0.254,0.05168279318217149,0.34,0.18,1,10,111.94000000000001,127,500,0.1
2000,10,0.5,0.5,0.16,0.052493385826745405,0.22,0.06,1,10,94.06,80,500,0.1
500,5,1.0,0.5,0.044,0.04402019738458447,0.12,0.0,0,10,46.8,11,250,0.0
500,5,0.5,0.5,0.044,0.04402019738458447,0.12,0.0,0,10,47.38,11,250,0.0
500,10,1.0,0.5,0.002,0.00632455532033676,0.02,0.0,0,10,25.43,1,500,0.0
500,10,0.5,0.5,0.002,0.00632455532033676,0.02,0.0,0,10,24.32,1,500,0.0
