method,dataset,tau,n_cohorts,n_certify,n_abstain,n_no_guarantee,mean_mu_hat,mean_lower_bound,mean_n_eff,elapsed_sec,cert_rate
weighted_conformal,bace,0.5,127,6,121,0,1.0,1.0,10.094510962206286,0.055028676986694336,0.047244094488188976
weighted_conformal,bace,0.6,127,6,121,0,1.0,1.0,10.094510962206286,0.055028676986694336,0.047244094488188976
weighted_conformal,bace,0.7,127,6,121,0,1.0,1.0,10.094510962206286,0.055028676986694336,0.047244094488188976
weighted_conformal,bace,0.8,127,6,121,0,1.0,1.0,10.094510962206286,0.055028676986694336,0.047244094488188976
weighted_conformal,bace,0.85,127,6,121,0,1.0,1.0,10.094510962206286,0.055028676986694336,0.047244094488188976
weighted_conformal,bace,0.9,127,6,121,0,1.0,1.0,10.094510962206286,0.055028676986694336,0.047244094488188976
