,KMM,uLSIF,KLIEP,RAVEL
KMM,1.0,0.1428594401247036,0.27710779722554596,0.545087422170568
uLSIF,0.1428594401247036,1.0,0.37712623369279896,-0.0016600451916513686
KLIEP,0.27710779722554596,0.37712623369279896,1.0,0.30001038748876274
RAVEL,0.5450874221705682,-0.0016600451916513688,0.3000103874887627,1.0
