method,weight_time_sec,bound_time_sec,total_time_sec
KMM,1.2726359367370605,0.0077953338623046875,1.2804312705993652
uLSIF,0.015616655349731445,0.00733637809753418,0.022953033447265625
KLIEP,0.08700370788574219,0.008360862731933594,0.09536457061767578
RAVEL,0.18267059326171875,,0.18267059326171875
