,KMM,uLSIF,KLIEP
KMM,1.0,0.9986876640419947,0.9986876640419947
uLSIF,0.9986876640419947,1.0,1.0
KLIEP,0.9986876640419947,1.0,1.0
