method,mean,std,min,max,median,q25,q75,q95,q99,coef_var,ess,ess_ratio
KMM,0.9999999999999998,1.079839568330007,9.999999986468647e-09,8.007042369547158,0.7158075879919795,0.2025225612607659,1.3700803595901747,2.8522048851401656,5.11484807140665,1.0798395683300073,139.88574194168282,0.4616691153190852
uLSIF,1.0,0.13457764788143822,0.29833708274414045,1.1940124683472992,1.0332170081244685,0.9488187392135519,1.0882290092416218,1.1500669923714855,1.1739726368387553,0.13457764788143822,297.6099436600992,0.9822110351818455
KLIEP,1.0,0.22088641762071845,0.4364127690944382,2.678577681611614,0.9827074487786822,0.8684998143226874,1.1081712698188197,1.3443670127929022,1.513730081061531,0.22088641762071845,288.90413346350647,0.9534789883284042
RAVEL,1.0000000000000002,0.1502652133115583,0.7210544951259504,1.4132668104468629,0.9734063210922874,0.9083408577798091,1.0757964212422402,1.3637067371216893,1.4132668104468629,0.15026521331155826,296.3094411694036,0.9779189477538073
