tau,KMM_certify,KMM_total,KMM_rate,uLSIF_certify,uLSIF_total,uLSIF_rate,KLIEP_certify,KLIEP_total,KLIEP_rate
0.5,1,127,0.007874015748031496,1,127,0.007874015748031496,1,127,0.007874015748031496
0.6,0,127,0.0,1,127,0.007874015748031496,1,127,0.007874015748031496
0.7,0,127,0.0,0,127,0.0,0,127,0.0
0.8,0,127,0.0,0,127,0.0,0,127,0.0
0.85,0,127,0.0,0,127,0.0,0,127,0.0
0.9,0,127,0.0,0,127,0.0,0,127,0.0
