trial_id,n_cal,n_test,n_cohorts,shift_severity,positive_rate,false_certify_fwer,false_certify_count,n_certified,n_abstain,n_no_guarantee,coverage,mean_n_eff,mean_ppv_estimate,mean_true_ppv,runtime_seconds
0,500,5000,20,1.0,0.3,0,0,0,100,0,,11.87609752320419,,,0.014330148696899414
1,500,5000,20,1.0,0.3,0,0,0,100,0,,12.848711443783138,,,0.01011514663696289
2,500,5000,20,1.0,0.3,0,0,0,100,0,,10.9705618134381,,,0.012509822845458984
3,500,5000,20,1.0,0.3,0,0,0,100,0,,13.292513827969008,,,0.011863946914672852
4,500,5000,20,1.0,0.3,0,0,0,100,0,,11.54233376345916,,,0.01223301887512207
