trial_id,n_cal,n_test,n_cohorts,shift_severity,positive_rate,false_certify_fwer,false_certify_count,n_certified,n_abstain,n_no_guarantee,coverage,mean_n_eff,mean_ppv_estimate,mean_true_ppv,runtime_seconds
0,500,5000,10,1.0,0.5,0,0,1,49,0,1.0,20.797328203500687,0.8765640671146259,0.82,0.014254093170166016
1,500,5000,10,1.0,0.5,0,0,4,46,0,1.0,26.511201678249357,0.9250173821811213,0.8510946351394618,0.00997018814086914
2,500,5000,10,1.0,0.5,0,0,0,50,0,,19.007255814322114,,,0.00847172737121582
3,500,5000,10,1.0,0.5,0,0,4,46,0,1.0,21.225371942421884,1.0,0.8994374191984487,0.010868310928344727
4,500,5000,10,1.0,0.5,0,0,3,47,0,1.0,23.90980459559794,0.9305709483408163,0.8743882346783901,0.01994466781616211
