trial_id,n_cal,n_test,n_cohorts,shift_severity,positive_rate,false_certify_fwer,false_certify_count,n_certified,n_abstain,n_no_guarantee,coverage,mean_n_eff,mean_ppv_estimate,mean_true_ppv,runtime_seconds
0,500,5000,5,0.5,0.5,0,0,7,18,0,1.0,62.13141031951446,0.8928327808299527,0.8578521067865074,0.012020587921142578
0,500,5000,10,0.5,0.5,0,0,1,49,0,1.0,20.796732173397654,0.8759316075948815,0.837696335078534,0.010246515274047852
0,500,5000,5,1.0,0.5,0,0,7,18,0,1.0,62.14159353799205,0.8927687109323115,0.859864396264924,0.011459827423095703
0,500,5000,10,1.0,0.5,0,0,1,49,0,1.0,20.797328203500687,0.8765640671146259,0.82,0.010843992233276367
