method,weight_mean,weight_std,weight_cv,weight_min,weight_max,weight_time,bound_time,total_time,n_certify,n_abstain,n_no_guarantee
uLSIF,1.0000000000000002,0.12551757823653265,0.12551757823653262,0.5717919623758208,1.24116291134374,0.004128694534301758,0.003196239471435547,0.007324934005737305,0,25,0
RULSIF(alpha=0.0),1.0000000000000002,0.12551757823653265,0.12551757823653262,0.5717919623758208,1.24116291134374,0.029552936553955078,0.002017498016357422,0.0315704345703125,0,25,0
RULSIF(alpha=0.1),1.0,0.12537110401016383,0.12537110401016383,0.5726916268122917,1.240796982815651,0.0025093555450439453,0.0023145675659179688,0.004823923110961914,0,25,0
RULSIF(alpha=0.5),1.0,0.12436421251325812,0.12436421251325812,0.5768464300608082,1.23852115552136,0.0026514530181884766,0.0015904903411865234,0.004241943359375,0,25,0
RULSIF(alpha=0.9),1.0,0.11792269534423461,0.11792269534423461,0.5958312555750251,1.2242432782274681,0.00244903564453125,0.0015401840209960938,0.003989219665527344,0,25,0
