dataset,domain,n_pairs,wcp_cert_rate,eb_cert_rate,wcp_n_cert,eb_n_cert,ratio_wcp_eb,wcp_mean_lb,eb_mean_lb,pct_wcp_tighter,n_only_wcp,n_only_eb
adult,tabular,220,1.8181818181818181,0.0,4,0,4.0,0.19069904857841732,0.03687112068735837,86.36363636363636,4,0
bace,molecular,25,8.0,0.0,2,0,2.0,0.47335957372292353,0.24120018410477267,100.0,2,0
bbbp,molecular,25,76.0,44.0,19,11,1.7272727272727273,0.8189367911767452,0.6740179700966218,100.0,8,0
compas,tabular,155,4.516129032258064,0.6451612903225806,7,1,7.0,0.3653893411727995,0.09191716366818078,93.54838709677419,6,0
imdb,text,50,40.0,40.0,20,20,1.0,0.4519465537155473,0.4405454527895825,60.0,0,0
yelp,text,50,0.0,0.0,0,0,0.0,0.45088866505017783,0.39057409287008243,100.0,0,0
