method,dataset,tau,n_cohorts,n_certify,n_abstain,n_no_guarantee,mean_mu_hat,mean_lower_bound,mean_n_eff,elapsed_sec,cert_rate
ulsif,student_performance,0.5,11,4,7,0,1.0,0.4866582083248857,22.71765365535515,0.023597002029418945,0.36363636363636365
ulsif,student_performance,0.6,11,4,7,0,1.0,0.4866582083248857,22.71765365535515,0.023597002029418945,0.36363636363636365
ulsif,student_performance,0.7,11,2,9,0,1.0,0.4866582083248857,22.71765365535515,0.023597002029418945,0.18181818181818182
ulsif,student_performance,0.8,11,0,11,0,1.0,0.4866582083248857,22.71765365535515,0.023597002029418945,0.0
ulsif,student_performance,0.85,11,0,11,0,1.0,0.4866582083248857,22.71765365535515,0.023597002029418945,0.0
ulsif,student_performance,0.9,11,0,11,0,1.0,0.4866582083248857,22.71765365535515,0.023597002029418945,0.0
