bound_family,mean_cert_rate,std_cert_rate,fwer_violations,n_trials,mean_n_eff,mean_coverage,mean_runtime,total_certified,total_false,observed_fwer
bootstrap,0.628,0.06963461489687965,14,50,196.2243659738591,0.7029588091646916,1.1530584383010865,785,16,0.28
eb,0.4128,0.1026792111781312,2,50,196.2243659738591,0.9127800532800532,0.0017421340942382812,516,2,0.04
hoeffding,0.5176,0.07810406454186097,3,50,196.2243659738591,0.8876141260700083,0.0008094692230224609,647,3,0.06
