dataset,domain,n_trials,total_pairs,agreement_rate,n_active,agree_on_active,cohens_kappa,ulsif_certifications,kliep_certifications,both_certify,mu_correlation,mean_lb_diff,max_lb_diff,runtime_sec
bace,molecular,30,750,1.0,0,,1.0,0,0,0,0.9825973962372286,0.012051229982143492,0.048380338897309555,10.347013235092163
bbbp,molecular,30,750,0.9573333333333334,276,0.8840579710144928,0.905997367926302,276,244,244,0.9682767948530436,0.02672788383839378,0.08060796933733816,9.756141424179077
adult,tabular,30,750,1.0,0,,1.0,0,0,0,0.9977932395909771,0.0032080299087611517,0.02584656991539963,12.799229145050049
compas,tabular,30,750,1.0,0,,1.0,0,0,0,0.9984144905195785,0.010315503074820629,0.029230599593863094,4644.837835073471
imdb,text,30,750,1.0,175,1.0,1.0,175,175,175,0.9999996880623315,0.00017580032634175163,0.0016898982805557683,228.21539640426636
yelp,text,30,600,1.0,0,,1.0,0,0,0,0.9999055662642998,0.00043965380531994845,0.003196798272792012,242.58181047439575
