method,dataset,tau,n_cohorts,n_certify,n_abstain,n_no_guarantee,mean_mu_hat,mean_lower_bound,mean_n_eff,elapsed_sec,cert_rate
ulsif,civil_comments,0.5,5,5,0,0,1.0,0.9855907782613362,599.399578440313,0.10866427421569824,1.0
ulsif,civil_comments,0.6,5,5,0,0,1.0,0.9855907782613362,599.399578440313,0.10866427421569824,1.0
ulsif,civil_comments,0.7,5,5,0,0,1.0,0.9855907782613362,599.399578440313,0.10866427421569824,1.0
ulsif,civil_comments,0.8,5,5,0,0,1.0,0.9855907782613362,599.399578440313,0.10866427421569824,1.0
ulsif,civil_comments,0.85,5,5,0,0,1.0,0.9855907782613362,599.399578440313,0.10866427421569824,1.0
ulsif,civil_comments,0.9,5,5,0,0,1.0,0.9855907782613362,599.399578440313,0.10866427421569824,1.0
